trial,discrim,success,failure reason,time in homezone,pull duration,reward duration,joystick_zone_enter,joystick_zone_exit,discrim_delay,go_cue_delay,homezone_enter_ts,DiscrimDisplay,GoCue_Display,ExitHomeZone,JoystickPull,JoystickRelease,water_dispense,joystick_zone_enter,joystick_zone_exit
1,bOval,FALSE,joystick not pulled within MaxTimeAfterSound,0,0,0,,,0.6330131043272618,0.9315687104356951,11.90659999998752,12.560353408989613,13.504819615991437,,,,,,
2,bOval,FALSE,joystick not pulled within MaxTimeAfterSound,0,0,0,79035.19298,,0.5797932376105732,0.5310771605633751,32.990199999985634,30.348116248991573,30.904030077988864,,,,,42.0904,43.475849999987986
3,monkey3,FALSE,joystick pulled before cue,0,0,0,79041.44283,,0.9931439367685369,0.5451499534365924,49.70755,48.1964759,48.77093168799183,,48.37442499998724,,,48.34024999999383,49.45749999998952
4,monkey3,TRUE,,0,6.447586040999994,1,79054.0435,,0.8355822288131115,0.7429788806251403,67.30759999998554,55.878188560993294,56.63971894799033,67.07402499999444,60.623425,67.09342499998456,67.61756934999721,60.940924999988056,66.95759999999427
5,bOval,FALSE,joystick not pulled within MaxTimeAfterSound,0,0,0,,,0.814600202,0.6300707004474673,,70.45756271899154,71.10105485799431,,60.623425,67.09342499998456,,,
6,monkey3,FALSE,joystick not pulled within MaxTimeAfterSound,0,0,0,,,0.9231880655695688,0.3060660971374441,103.60819999998785,88.26336208198336,88.59781841898803,,60.623425,67.09342499998456,,,
7,bOval,FALSE,joystick pulled for incorrect amount of time,0,2.046521255000016,0,79104.5277,,0.5229782461353016,0.7669872830247078,113.8085749999882,105.3546003389929,106.14820859798056,,111.17342499998631,113.2434249999933,,111.4251249999943,113.44199999999546
8,sun,FALSE,joystick pulled for incorrect amount of time,0,0.72078523,0,79119.22783,,0.85081563,0.4070428955995702,129.45879999999306,120.36019422097888,120.78875876698294,,127.80342499999097,128.52342499999213,,126.12524999998277,129.042375
9,monkey3,FALSE,joystick pulled for incorrect amount of time,0,2.060980031999975,0,79132.6951,,0.6003558137661928,0.754504716,142.29254999998375,135.39850116598245,136.17453138397832,,139.4234249999863,141.48342499998398,,139.59252499998547,141.91102499999397
10,bOval,FALSE,joystick pulled for incorrect amount of time,0,4.056535344000025,0,79144.97845,,0.7766095017863373,0.48512382296453505,156.2761249999894,148.49915586298448,149.03048905798641,,151.70342499998515,155.76342499998282,,151.87587499998335,155.72802499998943
11,sun,FALSE,joystick pulled for incorrect amount of time,0,0.7162783900000136,0,79165.0459,,0.8950254683294525,0.324778315,162.9094749999931,163.79907889397873,164.16488752797886,,173.89342499998747,174.60342499999388,,171.94332499998563,175.20972499999334
12,sun,FALSE,joystick pulled for incorrect amount of time,0,4.738560844999995,0,79178.57915,,0.7034363158631827,0.3988443241156743,190.4266999999818,181.5798323989875,182.00555308499315,,185.2434249999933,189.98342499998398,,185.47657499999332,190.06007499998668
13,sun,TRUE,,0,3.1842153430000053,0.1350000000020375,79192.22933,,0.831166027,0.5306248730106099,202.59389999999257,197.10742650298926,197.64910763899388,,198.90242499999295,202.0724249999912,202.61525958798302,199.12674999998126,202.1768749999901
14,monkey3,TRUE,,0,5.504296721999992,1,79203.29665,,0.771473417,0.4394440945577614,216.17714999998861,204.5564508339885,205.01144459398347,,210.04342499998165,215.5724249999912,216.09851200597768,210.19407499999215,215.91072499999427
15,bOval,TRUE,,0,1.1994359029999941,0.31028571429529356,79216.49663,,0.5796933782980609,0.6371281834362308,224.91072499999427,218.71258128798218,219.3463167819864,,223.24242499998945,224.43342499998107,224.9758715889766,223.39404999998806,224.42727499999455
16,bOval,TRUE,,0,0.8117191510000339,0.642857143,79221.747,,0.909774816,0.6835698098862202,229.5944249999884,227.20053844498761,227.91374803398503,,228.40342499998224,229.20342499998515,229.72630252299132,228.64442499999132,229.17734999998356
17,bOval,TRUE,,0,0.7965570339999886,0.6085714285760853,79226.43005,,0.61035421,0.47451861412779867,234.22764999998617,232.09605908398225,232.59478355299507,,233.08242499998596,233.85242499999003,234.4051077,233.32747499998368,233.81294999999227
18,monkey3,TRUE,,0,4.841221157,1,79232.03003,,0.6405063727873923,0.861881292,244.3278999999893,236.68578875699313,237.58180216499022,,238.81242499998189,243.65242499999295,244.18875691799622,238.9274499999883,243.99467499999446
19,monkey3,TRUE,,0,4.202012625000009,0.5040000000037252,79245.63073,,0.5083908853794548,0.6835552509453584,257.0780499999819,246.73193499498302,247.4270328379789,,252.08242499998596,256.2724249999883,256.8241076679842,252.52814999998373,256.79509999998845
20,bOval,TRUE,,0,1.116968557000007,0.4142857142790619,79256.39753,,0.8019825344597099,0.4698985060833369,264.42824999998265,259.1502598590014,259.64285584699246,,263.08242499998596,264.1824249999918,264.75778537899896,263.2949499999813,264.1951749999862
21,sun,TRUE,,0,2.6616529220000302,0.7066666666748159,79262.88083,,0.9403562120679181,0.3376281252792684,272.57832499999495,267.1541859279969,267.5266547509964,,269.54242499999236,272.2224249999854,272.7331362969999,269.7782499999885,272.2284999999829
22,sun,TRUE,,0,2.5840199939999593,0.765,79272.68095,,0.9382386081582959,0.42967843880829115,282.3618749999878,275.4406391019875,275.87650074699195,,279.4524249999813,282.0224249999883,282.6131448739907,279.57837499998277,282.0118499999953
23,bOval,TRUE,,0,1.0498081570000295,0.44857142856344573,79281.79808,,0.9340119369409011,0.754847501,290.01212499999383,285.3132403129857,286.08703621299355,,288.58242499998596,289.65242499999295,290.15267874898564,288.6954999999871,289.6786499999871
24,bOval,TRUE,,0,0.8418942750000156,0.6771428571481789,79286.49813,,0.5858102429514613,0.7026823129583375,294.61222499998985,292.19682322598237,292.91733732698776,,293.08242499998596,293.9524249999813,294.4240639439813,293.39554999998654,294.34774999998626
25,sun,TRUE,,0,2.820150373,0.5433333333421617,79291.39838,,0.5934561392130504,0.6848336253703623,301.4120999999868,296.8202155849867,297.4968530069891,,298.13242499998887,300.9524249999813,301.50393970399455,298.2957999999926,301.01219999998284
26,monkey3,TRUE,,0,5.143532622999999,1,79298.56463,,0.8844448504175659,0.6964492329496998,311.07927499998186,303.9511518149957,304.67063613999926,,305.2624249999935,310.4124249999877,310.92101574799744,305.46204999998736,310.7981249999866
27,sun,TRUE,,0,2.9389692209999794,0.39166666667006234,79307.93178,,0.5627034008401781,0.5343991161152717,318.0461999999825,313.54643414498423,314.1137296819943,,314.6824249999918,317.63242499998887,318.1594885829836,314.82919999999285,317.67914999998175
28,monkey3,FALSE,joystick pulled for incorrect amount of time,0,1.0795063119999782,0,79315.41518,,0.826126559,0.7631429089577207,323.5963499999925,320.43454326198844,321.2192681329907,,322.14142499999434,323.2124249999906,,322.3125999999902,323.2463999999891
29,monkey3,FALSE,hand removed from homezone before cue,0,0,0,79323.13193,,0.5336949737630265,0.5753937766285085,331.14659999999276,,,330.7794249999861,322.14142499999434,323.2124249999906,,330.0293499999825,330.66287499999453
30,monkey3,FALSE,joystick pulled for incorrect amount of time,0,3.860199033000015,0,79331.08215,,0.7569288327530104,0.43703638825299007,342.3967999999877,336.7210189809848,337.1743021479924,,337.7414249999856,341.6014249999862,,337.9795749999903,342.06304999998247
31,bOval,FALSE,hand removed from homezone before cue,0,0,0,79342.51565,,0.7108792871045118,0.9972909592076868,350.14692499999364,348.56451773497975,,,337.7414249999856,341.6014249999862,,349.4130749999895,349.8967999999877
32,monkey3,TRUE,,0,6.165818499000011,1,79350.16585,,0.5801739608771201,0.4753370997299972,363.4633749999921,355.95117490198754,356.44050622599025,,356.84142499999143,362.9824249999947,363.5368963639921,357.06327499999315,363.0469249999878
33,bOval,TRUE,,0,0.935300286,0.585714286,79361.9827,,0.7268591189413443,0.5412784502158279,369.83037499999045,366.2631117569981,366.83519524098665,,368.28242499998305,369.2324249999947,369.7601498669974,368.8801249999815,369.5472749999899
34,bOval,FALSE,joystick pulled for incorrect amount of time,0,1.3288684030000013,0,79371.84988,,0.8293215034357098,0.43175109328999906,380.330525,372.2365196959872,372.6827817389858,,378.64142499999434,379.98142499999085,,378.7472999999882,379.9992499999935
35,monkey3,TRUE,,0,5.946290838999971,1,79382.5,,0.8694568121273141,0.9332977204014492,386.9140749999933,387.79863335497794,388.7392045439774,,389.17242499998247,395.14142499999434,395.6631216969836,389.3974249999883,
36,sun,TRUE,,0,2.8799654919999966,0.46283333333849463,79390.5832,,0.8268508995073778,0.8150220189746491,399.06419999999343,399.90785841998877,400.76343999597884,404.2643499999831,404.4624249999906,407.3514249999862,407.85373044798325,397.48062499998196,398.73084999999264
37,bOval,FALSE,joystick pulled for incorrect amount of time,0,1.8117345449999789,0,79406.76708,,0.5106681482893192,0.6756822825343184,416.1811999999918,409.87513145997946,410.58019635098753,,413.8014249999833,415.62142499999027,,413.6644999999844,415.6809999999823
38,monkey3,TRUE,,0,5.196588909000013,1,79416.75075,,0.5352066821691182,0.46679938947678207,429.33157499998924,422.3850392589811,422.8702617419767,,423.40242499999295,428.6014249999862,429.1001333,423.6481749999948,429.04837499998393
39,bOval,FALSE,hand removed from homezone before cue,0,0,0,79425.96733,,0.6252166968222598,0.9683797277855608,433.54867499998363,431.7908462819905,,,423.40242499999295,428.6014249999862,,432.86474999999336,433.3168749999895
40,monkey3,TRUE,,0,5.781681729000013,1,79433.8841,,0.8947916915804888,0.5370382197662981,,439.71190829598345,440.25843040598556,,440.5514249999833,446.34142499999143,446.83079442697635,440.78152499998396,
41,sun,FALSE,joystick pulled for incorrect amount of time,0,3.5640015070000004,0,79444.68433,,0.7247159871632657,0.5276884400239062,449.0652999999875,449.81337341098697,450.3777509629872,,451.32142499998736,454.88142499998503,,451.58175,455.43202499998733
42,bOval,FALSE,joystick pulled for incorrect amount of time,0,1.3664968619999627,0,79460.6514,,0.609971895,0.4676316503402144,469.5823749999836,461.7837103229831,462.2763533529942,,467.72142499998154,469.09142499999143,,467.54882499999076,468.9655499999935
43,sun,TRUE,,0,3.0429498239999475,0.2738333333254561,79471.35178,,0.980812228,0.6082626961259241,481.6497499999823,476.2900081919943,476.9322142509918,,477.980425,481.03142499999376,481.5228827,478.2491999999911,481.0993749999907
44,bOval,FALSE,joystick pulled for incorrect amount of time,0,1.7718190260000029,0,79481.26848,,0.9162565091839805,0.5518573742022646,490.4998499999929,483.8021039809828,484.3864412889816,,487.951425,489.7414249999856,,488.1658999999927,489.7158499999932
45,bOval,TRUE,,0,1.139947793000033,0.36857142857209374,79491.4854,,0.8816298935848863,0.6293460901254082,499.7828249999875,496.875962,497.5176018539787,,498.1604249999946,499.300425,499.84875560799264,498.3828249999933,499.3326749999833
46,sun,TRUE,,0,3.025253467000084,0.2983333333346917,79496.46875,,0.8466587459356727,0.846461477,506.78299999998126,502.1366753229813,503.00532582098094,506.3162749999901,503.201425,506.23142499999085,506.7432018579857,503.3661749999883,506.24972499998694
47,monkey3,TRUE,,0,5.358290011999998,1,79503.55245,,0.7183071696786318,0.7895843477694484,516.2831749999896,508.8459435509867,509.64290371499374,,510.2414249999856,515.6204249999864,516.1733414,510.44987499999115,515.9831499999855
48,sun,FALSE,joystick pulled for incorrect amount of time,0,3.278452416,0,79513.35273,,0.8311392296718914,0.5019323781180323,523.9334499999823,519.0226764249819,519.5266372999904,,520.0814249999821,523.381425,,520.2501499999926,523.6165749999927
49,bOval,TRUE,,0,0.9853878390000546,0.5399999999940128,79529.01943,,0.6337346842774685,0.3197323213509278,536.9669999999896,530.2926043699845,530.6242753,,535.5104249999858,536.5004249999911,537.0380289649765,535.9168499999942,536.5333999999857
50,sun,TRUE,,0,2.010363620000021,0.11166666666055487,79534.10308,,0.8310375945205117,0.6202574593667631,543.4338999999891,539.4452733199869,540.0907195249893,,540.8214249999874,542.8314249999821,543.3581049819768,541.0004999999946,543.1190249999927
51,sun,FALSE,joystick pulled for incorrect amount of time,0,1.7568185609999318,0,79540.10325,,0.685175081,0.3823819831688488,545.2336999999825,545.2363762,545.6261228759831,,546.8604249999917,548.6004249999824,,547.0006749999884,548.7670499999949
52,monkey3,TRUE,,0,5.062597680999943,1,79549.88643,,0.5531474861414438,0.681103393,562.1841499999864,555.4277020049922,556.1234148059884,,556.3604249999917,561.4414249999827,561.9332215149916,556.7838499999925,561.901075
53,monkey3,TRUE,,0,4.800986041999977,1,79559.0366,,0.6650986553387916,0.35842060442325074,571.1343749999942,564.6695741919975,565.0653925929946,,565.6004249999824,570.4304249999841,570.9407891,565.934025,570.8343249999889
54,sun,FALSE,joystick pulled for incorrect amount of time,0,1.0182083949999878,0,79569.45385,,0.7846432717204048,0.9859342934557802,579.5013499999914,573.7651198079984,574.7668603349885,582.551525,582.6204249999864,583.6304249999812,,576.3512749999936,579.1678249999823
55,monkey3,TRUE,,0,5.468526821000069,1,79590.02063,,0.7005687782305163,0.35449586176825143,602.8682999999874,590.6174100249918,590.9899113489955,,596.7204249999922,602.1704249999893,602.7370573689986,596.91805,602.6182249999838
56,monkey3,TRUE,,0,5.927308115999949,1,79600.08755,,0.8910622117390101,0.5710868687160888,,605.6374695129925,606.2593756939896,,606.5104249999858,612.4404249999934,612.9497092539823,606.9849749999848,
57,bOval,FALSE,hand removed from homezone before cue,0,0,0,,,0.6913699609406168,0.9744336818046497,615.5021749999869,,,,606.5104249999858,612.4404249999934,,,
58,bOval,FALSE,joystick pulled for incorrect amount of time,0,1.5923873529999355,0,79621.755,,0.736709527,0.665084059,629.8524999999936,630.6092156119848,631.2869523729896,631.8187749999925,631.9204249999893,633.5004249999911,,628.652425,629.5854749999853
59,sun,TRUE,,0,2.680388178,0.7066666666748159,79636.67165,,0.9492926837198121,0.9101279084601397,647.1358499999915,640.7483697349962,641.6742363919911,,643.7704249999952,646.4504249999882,646.9979504979856,643.5690749999922,646.4357249999885
60,monkey3,TRUE,,0,5.367830837999918,1,79643.68843,,0.5070789730523646,0.3591792099140594,656.3529499999859,649.2438366829883,649.6160742909851,,650.2904249999847,655.6794249999948,656.1781545189879,650.5858499999886,656.0711499999888
61,bOval,TRUE,,0,0.6880214090000436,0.4942857142837186,79653.92185,,0.9161471793694311,0.776494901,661.7195,659.1764428169845,660.0076992059912,,660.5704249999835,661.2404249999818,661.9465580929827,660.8192749999871,661.4030499999935
62,bOval,TRUE,,0,0.6617527070000051,0.4714285714219191,79659.20563,,0.7668861197935875,0.49478194091336375,666.6862499999843,664.2384028529923,664.7400686839974,,665.5804249999928,666.230425,666.8662744379981,666.1030499999906,666.4031499999837
63,sun,TRUE,,0,2.3870858299999327,0.5783333333204306,79663.372,,0.5826874145093611,0.9399391504035299,673.1532749999897,668.9413635669916,669.8874315,,670.0394249999954,672.4494249999843,672.9491430539929,670.2694249999913,672.6530749999947
64,sun,FALSE,joystick pulled for incorrect amount of time,0,0.8710139640000989,0,79669.8058,,0.8186076990283808,0.33153775601686536,678.68655,675.4039986839925,675.7755381,,676.4704249999922,677.3304249999928,,676.7032249999902,678.3882999999914
65,monkey3,TRUE,,0,5.211613607000004,1,79678.68918,,0.6224200159966731,0.5792283168325809,691.2202999999863,684.2167699729907,684.8214265459828,,685.3204249999835,690.5394249999954,691.0380054,685.5865999999951,690.9536999999837
66,monkey3,TRUE,,0,5.52105425,1,79688.45643,,0.5370013135413914,0.6293866450821612,700.9703249999875,693.6376040379982,694.2840392499929,,694.7394249999925,700.2404249999818,700.7449545080017,695.35385,700.6701999999932
67,bOval,TRUE,,0,1.1285050739999178,0.3799999999946781,79698.95638,,0.7145385332350451,0.6991445474806633,707.1702249999944,703.5281549829815,704.2327506019792,,705.6094249999878,706.7394249999925,707.2612245429773,705.8537999999826,706.6037999999826
68,sun,TRUE,,0,3.029406214000005,0.2983333333346917,79704.223,,0.5007020562262339,0.881851875,714.5705499999895,709.2105519079923,710.1008724669955,,710.9494249999843,713.9794249999832,714.5377174169844,711.1204249999864,714.0539999999892
69,bOval,TRUE,,0,0.7477307569999994,0.5857142857142856,79711.47298,,0.586584372,0.9247230857331901,719.3706499999826,716.4411050589988,717.3733624869928,,718.1504249999853,718.9004249999853,719.4224065799935,718.3703999999852,718.9871999999887
70,bOval,TRUE,,0,0.6992192289999366,0.5400000000073175,79716.17315,,0.5168473245169447,0.9735643447725326,724.1206999999849,721.5555064619984,722.5532681529876,,722.8394249999837,723.5494249999902,724.0486238960002,723.0705749999906,723.8395249999885
71,sun,TRUE,,0,2.116867061999983,0.20499999999592544,79722.45675,,0.8950663211953935,0.32509714290703495,731.8374499999918,726.5593261599861,726.8909585939982,,729.1794249999948,731.2694249999913,731.8243718,729.3541749999858,731.3709999999846
72,sun,FALSE,joystick pulled for incorrect amount of time,0,0.6590237420000449,0,79729.15705,,0.96634714,0.6546576766420322,737.1876749999938,734.0714524489886,734.756309,,735.7904249999847,736.4504249999882,,736.0544749999826,736.9209749999864
73,bOval,TRUE,,0,1.0309329169999728,0.48285714286446035,79740.67375,,0.8087511822631696,0.942118945,748.6046999999817,743.5288600019849,744.4725738339912,,747.1794249999948,748.2194249999884,748.7625468009937,747.571175,748.2045999999827
74,bOval,TRUE,,0,0.6904247909999413,0.5057142857229336,79746.09043,,0.6765264023896802,0.6861227111967039,753.9550249999884,750.9539184379828,751.6664586159895,,752.7294249999832,753.4094249999907,753.9526788289804,752.9878499999904,753.5379749999847
75,monkey3,TRUE,,0,5.463614286999928,1,79750.77388,,0.814841642,0.794816976,,756.2883327,757.1020073749823,,757.3394249999837,762.7794249999861,763.3469214,757.6712999999872,
76,sun,FALSE,joystick not pulled within MaxTimeAfterSound,0,0,0,,,0.7312230788579348,0.8675291996668884,766.8550249999826,767.5528415469889,768.4391644529824,,757.3394249999837,762.7794249999861,,,
77,bOval,TRUE,,0,1.1212966400000823,0.3799999999946781,79785.07453,,0.6878243146331808,0.7332170422784756,793.3557249999867,785.4600423529919,786.2152364229842,,791.5784249999851,792.7084249999898,793.2546641379886,791.9719499999919,792.7055499999842
78,bOval,TRUE,,0,0.749093814,0.5742857142917013,79791.07475,,0.8774311944622541,0.6929274252732375,799.0059499999916,795.5278655999864,796.2306907569873,,797.7194249999884,798.4594249999936,798.9810204729874,797.972175,798.5077499999898
79,sun,TRUE,,0,2.479280172000017,0.6833333333333333,79797.1749,,0.6169720368266284,0.6596200810493934,807.0223499999847,801.2197133099835,801.9180917829945,,803.8494249999931,806.3494249999931,806.8623507229931,804.0723249999864,806.4388749999925
80,bOval,TRUE,,0,0.9002431320000142,0.642857143,79804.27488,,0.5949151068285337,0.5591701909106545,812.3726249999891,809.1756367579801,809.7580331149802,,810.9784249999939,811.878425,812.4077461059787,811.1722999999911,811.9889749999857
81,bOval,FALSE,joystick pulled for incorrect amount of time,0,1.5275279840000167,0,79809.7916,,0.6610991863920359,0.8881747858793974,818.3726999999926,814.7961670509831,815.7104336149932,,816.4594249999936,817.9594249999936,,816.6890249999851,817.9224249999825
82,monkey3,TRUE,,0,5.042290391000051,1,79819.5588,,0.9151827046419623,0.4749388445885416,824.1061749999935,825.1747825609928,825.6730950619967,,826.1294249999919,831.1684249999817,831.6866788719926,826.4562249999872,
83,sun,FALSE,hand removed from homezone before cue,0,0,0,79826.07538,,0.6122716165277529,0.5954744571903061,834.156525,,,,832.1884249999857,833.6394249999867,,832.9727999999886,833.8729499999899
84,bOval,TRUE,,0,1.1650752460000149,0.32285714286512557,79835.80905,,0.6509124360671685,0.8268253146610731,844.1230499999947,840.7784988399944,841.6399297839962,,842.4594249999936,843.6394249999867,844.1540823659889,842.7064749999845,843.5395249999856
85,bOval,TRUE,,0,0.9641770709999946,0.5857142857176119,79840.9591,,0.7769555259411953,0.5561342091696373,848.9067749999813,846.3195138959854,846.8882266589935,,847.6184249999933,848.5684249999904,849.1205794809939,847.856525,848.5898249999882
86,monkey3,TRUE,,0,5.699307609000016,1,79846.00943,,0.8611618411949398,0.588872303,859.1069749999879,851.5749002419907,852.1808143849921,,852.6484249999921,858.329425,858.8787096,852.9068499999848,858.7900999999838
87,monkey3,TRUE,,0,5.604331844999933,1,79855.87593,,0.5315515141378953,0.8756053924130596,868.8572,861.4720975,862.3826404109859,,862.5384249999915,868.1384249999828,868.6791489789903,862.7733499999886,868.5402499999909
88,monkey3,TRUE,,0,5.400455246000092,1,79865.59278,,0.5596239840491394,0.5884499111966228,878.4904749999841,871.2594778369967,871.8652870639926,,872.2784249999822,877.6494249999814,878.1991617989988,872.4901999999856,878.1737999999896
89,bOval,TRUE,,0,0.832649097,0.6771428571282221,79878.91,,0.8907865838094149,0.5627575821006776,881.7238499999949,881.1379594749887,881.7337885390007,,885.5884249999945,886.4184249999817,886.9082760309975,885.8074249999918,886.523825
90,monkey3,FALSE,joystick not pulled within MaxTimeAfterSound,0,0,0,,,0.5465810623518896,0.36665224305116234,896.3741249999875,889.2098178089946,889.5744030849892,,885.5884249999945,886.4184249999817,,,
91,bOval,TRUE,,0,0.920686414,0.6531428571391318,79905.71053,,0.7144746927070593,0.7696083911091997,910.7909499999951,906.5535164350003,907.3348326669948,,912.2784249999822,913.1694249999855,913.7291967799974,912.6079499999905,913.5411749999912
92,sun,TRUE,,0,2.5118524060000027,0.706666667,79916.46078,,0.8263018628678869,0.5714338407808748,926.1584249999869,916.2647549,916.8782592199859,,923.198425,925.7184249999846,926.2518598849856,923.3581999999878,925.7246749999904
93,sun,TRUE,,0,2.3998699380000517,0.5900000000149399,79923.3609,,0.838545573,0.3081245862468194,933.224825,928.8474931789824,929.1732440289779,,930.0284249999822,932.448425,932.9942573949811,930.258325,932.9246999999887
94,sun,TRUE,,0,2.886715202000005,0.47333333332790084,79931.17745,,0.6259262120010255,0.8787630797971309,941.3750249999866,935.2399588719854,936.1343580529792,,937.9684249999846,940.8484249999892,941.3883376019803,938.0748749999912,940.9085499999928
95,bOval,TRUE,,0,1.050037947000078,0.4942857142870447,79944.94448,,0.5585266740148154,0.510702529,941.9250999999931,943.3697466739977,943.8977955339942,,951.3984249999921,952.428425,952.8526316329953,951.8418999999849,952.5420249999879
96,monkey3,TRUE,,0,5.011556758999973,1,79952.22783,,0.7662948814929148,0.833890081,964.4590999999928,955.2735842079856,956.1193170509941,,958.7384249999886,963.7684249999875,964.2725230709912,959.1252499999828,964.209
97,sun,TRUE,,0,2.7585867430000235,0.6016666666619133,79966.82818,,0.5613931298094973,0.3115677902107994,977.0423499999888,966.8980974709848,967.2404798,,973.628425,976.3984249999921,976.9593962439831,973.7255999999907,976.5923249999905
98,bOval,TRUE,,0,1.0502768600000536,0.48285714286446035,79981.69513,,0.612059683,0.5360586738497368,989.4259249999886,979.2003748,979.7562748959899,,988.0374249999877,989.0774249999813,989.6421068619966,988.5925499999867,989.075875
99,bOval,TRUE,,0,0.5991704199998367,0.40285714286978225,79986.94525,,0.8797111726608555,0.5237726890703301,994.4762249999912,992.0629453979927,992.6148042699933,,993.358425,993.948425,994.5294029739889,993.8426749999926,994.1597249999904
100,sun,TRUE,,0,2.4119176359999983,0.6016666666754948,79991.74535,,0.8153718860488426,0.9853035787251017,1001.7097749999812,996.7706880849873,997.7808159289852,,998.4184249999817,1000.8484249999892,1001.3693344929925,998.6427749999857,1001.326499999981
101,bOval,TRUE,,0,0.8996241830000145,0.6531428571391318,80003.54558,,0.7004493858090077,0.9811674612221197,1011.7431249999936,1003.6991515989939,1004.6698178009974,,1010.2974249999825,1011.1884249999857,1011.7273019539862,1010.4429999999847,1011.4931749999814
102,bOval,TRUE,,0,0.6412019419999524,0.4371428571375353,80008.5957,,0.5596947949442168,0.6399003829639807,1016.5102999999945,1013.9747722209868,1014.6281661209796,,1015.2684249999875,1015.8884249999828,1016.4282158989809,1015.4931249999936,1016.2264749999886
103,sun,FALSE,joystick pulled for incorrect amount of time,0,0.6133027589999074,0,80013.1291,,0.860630806,0.31947064466040886,1021.5102999999945,1018.7182422579936,1019.063273473992,,1019.7874249999877,1020.4174249999924,,1020.0265249999939,1021.2103499999939
104,sun,TRUE,,0,2.6534246900000653,0.7416666666734577,80025.06298,,0.526516747,0.6526076219634345,1034.9936249999882,1027.2780330179958,1027.9817328569916,,1031.7284249999939,1034.378424999988,1034.8890564139874,1031.9603999999817,1034.6604999999836
105,sun,FALSE,joystick pulled for incorrect amount of time,0,4.166522121000071,0,80035.11318,,0.7987220045812626,0.6868299398629276,1046.477274999983,1037.4831881629943,1038.1884221179935,,1041.8374249999906,1045.997424999994,,1042.0105999999942,1046.1437499999884
106,monkey3,TRUE,,0,4.294516869000063,0.6640000000130386,80051.07985,,0.7634060778496881,0.7787545734102531,1062.7940749999834,1053.0418635859824,1053.853351806989,,1057.7374249999848,1062.027424999993,1062.5428885159927,1057.977274999983,1062.4941999999864
107,sun,FALSE,joystick pulled for incorrect amount of time,0,1.6808500380000169,0,80060.83005,,0.5751199665999149,0.9467218946295877,1070.0112249999947,1064.8561951229785,1065.8294736829848,1072.5775999999896,1067.4874249999848,1069.1674249999924,,1067.7274749999924,1069.6461999999883
108,monkey3,TRUE,,0,4.912311927000019,1,80070.88028,,0.779870105,0.40404165590670355,1074.6444249999913,1076.2291976539855,1076.6865434769861,,1077.3374249999906,1082.277424999993,1082.767827948992,1077.7776999999915,1082.646499999988
109,sun,FALSE,joystick pulled for incorrect amount of time,0,3.513587801000085,0,80080.16405,,0.8484103235047312,0.6879922083073968,1090.6617499999847,1085.7006048069888,1086.4152564249962,,1086.8274249999813,1090.3674249999895,,1087.061474999995,1090.3447999999917
110,monkey3,TRUE,,0,5.318300653000051,1,80097.86425,,0.6385702697179825,0.8576203611617785,1110.495299999995,1097.2685041169898,1098.1369202629867,,1104.5074249999889,1109.8274249999813,1110.3401037879958,1104.761674999987,1110.1970999999903
111,sun,TRUE,,0,2.4341886859999704,0.5316666666782112,80107.94773,,0.8317910002961855,0.6136363986036686,1117.5786499999813,1113.2434121879924,1113.888592681993,,1114.6874249999819,1117.0574249999918,1117.6967147429968,1114.8451499999937,1117.0620999999956
112,sun,FALSE,joystick pulled for incorrect amount of time,0,1.8283654890001344,0,80118.49788,,0.7951093746281008,0.4466847924390994,1127.562374999994,1120.082136372992,1120.570736988986,,1125.2464249999903,1127.0664249999827,,1125.3952999999892,1127.2806749999872
113,sun,FALSE,joystick not pulled within MaxTimeAfterSound,0,0,0,,,0.7944000751397867,0.9515819097921909,1280.3818249999895,1134.1517868939845,1135.1170647309918,,1125.2464249999903,1127.0664249999827,,,
114,bOval,TRUE,,0,0.8001313160000336,0.6542857142996841,80577.42373,,0.5100720871814938,0.37071487326697106,1580.0546999999933,1577.4426727719983,1577.855883900993,,1584.2744249999814,1585.0844249999936,1585.5698706689873,1584.3211499999888,1585.1211249999906
115,monkey3,TRUE,,0,4.322883613000158,0.6959999999962747,80582.25738,,0.5527916836952034,0.4938374534353369,1593.8551499999885,1587.8462609869894,1588.3559646039794,,1588.934424999985,1593.2444249999826,1593.742569,1589.1547999999893,1593.6050249999826
116,sun,TRUE,,0,2.178619427000058,0.3461666666616414,80590.87385,,0.9672563848306284,0.3090157063728663,1600.238324999984,1596.5058627329854,1596.8411991689936,,1597.6034249999939,1599.8144249999896,1600.3421191829839,1597.7712749999919,1599.8213999999862
117,bOval,TRUE,,0,1.1971893260001707,0.31142857142591046,80597.20788,,0.6370316978137057,0.47708734624410254,1605.4383249999955,1602.368902807997,1602.8622873799904,,1603.954424999989,1605.1444249999913,1605.6698326859914,1604.105299999981,1605.1715749999858
118,monkey3,TRUE,,0,5.125842252999973,1,80602.97425,,0.9872838494678826,0.6333246320369899,1615.5384499999927,1608.0393021429918,1608.7036860249937,,1609.704424999989,1614.823424999995,1615.3686472309928,1609.8716749999876,1615.1574499999842
119,sun,FALSE,joystick pulled for incorrect amount of time,0,1.9992550370000117,0,80612.3911,,0.6920001582700714,0.3878872052759892,1621.6384999999864,1618.108374791991,1618.5137556869886,,1619.0444249999855,1621.0244249999814,,1619.2885249999817,1621.0718999999954
120,sun,FALSE,joystick pulled for incorrect amount of time,0,1.9886074580001605,0,80626.32473,,0.5909340399133928,0.3338797672601692,1629.6558499999956,1627.8803285909817,1628.2408817169926,1635.9722249999904,1633.0634249999857,1635.053424999991,,1633.2221499999869,1635.022174999991
121,monkey3,TRUE,,0,5.477350053999999,1,80638.14183,,0.5774312486643361,0.6231271094410026,1650.9726249999949,1641.9658279369905,1642.609841235986,,1644.8244249999843,1650.283424999987,1650.8417053989833,1645.039249999987,1650.58925
122,monkey3,TRUE,,0,4.7789245390001724,1,80652.24188,,0.7359047590302161,0.9598623396325707,1664.339599999992,1653.6360740039818,1654.6000258479908,,1658.974424999993,1663.7344249999878,1664.2620662189875,1659.1392999999953,1664.0727749999933
123,bOval,TRUE,,0,0.9584916339999836,0.5742857142783967,80665.24225,,0.9926475567697604,0.8266196486907276,1667.8063999999868,1667.2713810489804,1668.1041159609886,,1671.8634249999886,1672.823424999995,1673.3251925609802,1672.139674999984,1672.789574999988
124,sun,TRUE,,0,2.361689528999932,0.49550000000842076,80674.02563,,0.8698300429615582,0.5649567735474141,1683.7232499999955,1675.849355510989,1676.4541557740013,,1680.7744249999814,1683.1134249999886,1683.6479227759992,1680.923049999983,1683.3066999999864
125,monkey3,TRUE,,0,4.8314867489998505,1,80686.40948,,0.7334841363776514,0.7146825194172917,1698.5401999999885,1685.9626304129924,1686.6984833909955,,1693.0634249999857,1697.8944249999913,1698.4347657280014,1693.3068999999814,1698.2071249999863
126,bOval,FALSE,joystick pulled for incorrect amount of time,0,1.3654237499999908,0,80700.59313,,0.6075924144774298,0.4769523946915636,1703.240124999982,1701.1306342939788,1701.620062551985,,1707.1734249999863,1708.5234249999921,,1707.4905499999877,1708.4736749999865
127,monkey3,FALSE,joystick pulled for incorrect amount of time,0,1.0794290500000443,0,80711.44308,,0.8786762299763415,0.8926719946195198,1720.0075749999814,1715.6309493979788,1716.5347140679805,,1718.0934249999846,1719.1934249999904,,1718.3404999999912,1719.542574999985
128,monkey3,TRUE,,0,5.006553277999956,1,80720.49315,,0.7669426851165864,0.8824756285042374,1726.1740999999893,1726.223383005985,1727.124044376993,,1727.1334249999927,1732.1534249999822,1732.6796522959921,1727.390574999983,1732.674199999994
129,sun,TRUE,,0,2.3628718319998825,0.5316666666782112,80730.42675,,0.5088146669159841,0.6902678856079574,1740.191049999994,1735.2612150829955,1735.985902742992,,1737.1534249999822,1739.5234249999921,1740.0408691899938,1737.324174999987,1739.590899999981
130,monkey3,TRUE,,0,4.891488037999807,1,80741.84378,,0.99337372,0.8643596620917589,1754.1746999999887,1742.6329043929873,1743.510709121998,,1748.5834249999898,1753.4724249999854,1753.9914652499865,1748.7411999999895,1753.9082999999955
131,bOval,TRUE,,0,1.0487678320000668,0.48285714284782955,80754.84385,,0.7138634534126598,0.35504013129270845,1757.7412999999942,1756.797325017993,1757.1809323599882,,1761.5134249999828,1762.553424999991,1763.1334434799937,1761.741274999993,1762.6412749999872
132,bOval,TRUE,,0,0.8376437389999865,0.6782857142787958,80762.97735,,0.9140439002557198,0.9847351769290094,1770.991624999995,1765.574546763979,1766.609782104977,,1769.6534249999822,1770.5224249999883,1771.0088238309836,1769.8747749999893,1770.5748999999923
133,bOval,TRUE,,0,0.8415695480000522,0.6885714285674371,80770.11108,,0.6974654627400313,0.5764646638432029,1778.0586999999941,1773.4365037579846,1774.030045189982,,1776.803424999991,1777.6434249999875,1778.1742546369787,1777.0084999999817,1777.6916499999934
134,bOval,TRUE,,0,1.0908999929999936,0.4371428571408614,80778.71133,,0.7884193567098631,0.7352631283032008,1786.941949999993,1780.7250348449888,1781.4999098429835,,1785.4534249999851,1786.533424999987,1787.099055744984,1785.6087499999849,1786.6086999999825
135,bOval,TRUE,,0,0.844941409,0.6885714285674371,80791.128,,0.5081173154204789,0.6589011413291428,1793.7088999999833,1789.0538502469863,1789.7347875259875,,1797.8634249999886,1798.7034249999851,1799.2300811179884,1798.0254249999853,1798.6921749999892
136,monkey3,TRUE,,0,4.913989163000224,1,80799.26175,,0.9972479809199183,0.6646286871681164,1802.4591749999818,1801.9483991269808,1802.6210560009786,,1805.9124249999877,1810.8424249999953,1811.3559484819853,1806.1591749999934,1811.2757999999885
137,monkey3,TRUE,,0,4.5002306450001015,0.9984000000171365,80812.162,,0.7774714315673659,0.696327257,1824.1096999999863,1814.2234891009866,1814.9492644119891,,1818.7934249999817,1823.2924249999924,1823.8264635919913,1819.059424999985,1823.825949999984
138,sun,TRUE,,0,2.3274235240000962,0.4966666666625922,80822.74528,,0.6880938652655981,0.822977065,1826.5925249999855,1826.5461012489832,1827.4209552069806,,1829.4724249999854,1831.8124249999819,1832.3770406089898,1829.6426999999821,1831.8260249999876
139,sun,TRUE,,0,2.043752091999977,0.14550000000502528,80833.54565,,0.7636077327783721,0.9566528861901236,1834.0597499999858,1834.678871,1835.6500176449917,,1840.283424999987,1842.3224249999912,1842.8852565209818,1840.4430749999883,1842.326424999992
140,bOval,TRUE,,0,1.0192929100001038,0.5171428571488441,80843.87888,,0.679427112,0.5175649861809266,1851.9265499999892,1844.7957516549795,1845.3134451619844,,1850.5424249999924,1851.5524249999871,1852.0974190829875,1850.7762999999832,1851.5431499999831
141,monkey3,TRUE,,0,4.237506265000093,0.6304000000003726,80848.89575,,0.7093224822412244,0.9612803384798456,1861.02675,1854.3630206389935,1855.3268866679864,,1855.5634249999857,1859.832424999986,1860.368965800997,1855.7931749999843,1860.6767499999842
142,monkey3,TRUE,,0,4.895464594000032,1,80859.29595,,0.779917091,0.6967442683363978,1871.4770249999856,1862.8451983319828,1863.5552518789918,,1865.8424249999953,1870.7424249999895,1871.2844974109903,1866.193374999988,1871.1606499999907
143,bOval,TRUE,,0,0.679820547,0.5057142857229336,80872.57968,,0.8113868622579588,0.9800754116519905,1875.6103999999905,1874.1739487709856,1875.1575131189893,,1879.3124249999819,1879.9924249999895,1880.5450194699952,1879.4770999999892,1879.9457499999844
144,monkey3,TRUE,,0,5.324802327000043,1,80877.59638,,0.9785399590560471,0.9422392866819682,1890.2110249999823,1883.0446091299818,1884.0011330129928,,1884.1624249999877,1889.5024249999842,1890.012259842988,1884.493799999982,1889.8959749999922
145,bOval,TRUE,,0,0.8112872259998767,0.642857143,80892.5636,,0.8540160612628684,0.6011690449428465,1893.027299999987,1892.9024168189935,1893.515516302985,,1899.1824249999918,1899.9824249999947,1900.5239495209826,1899.4610249999823,1900.0796999999875
146,bOval,TRUE,,0,0.8604667399999926,0.6771428571481789,80902.0304,,0.5105474763751292,0.7100783101876563,1904.961124999987,1902.7201924199908,1903.4474818899907,,1908.6624249999877,1909.532424999983,1910.0773078259808,1908.9278249999916,1909.5466499999893
147,sun,TRUE,,0,2.5787311290000616,0.7766666666687039,80913.9471,,0.727875374,0.9705689741876238,1916.4276999999856,1912.4839679219876,1913.4984432349884,,1920.5724249999912,1923.152424999993,1923.7125788239791,1920.8445249999932,1923.1445249999815
148,monkey3,TRUE,,0,5.064646400999891,1,80930.14743,,0.802221036,0.8421555177384086,1925.3617499999818,1926.2835842219793,1927.1555236169806,,1936.872424999994,1941.9124249999877,1942.5385003209813,1937.0448499999911,1942.2783749999944
149,monkey3,FALSE,joystick pulled for incorrect amount of time,0,0.5511127690001558,0,80945.91473,,0.7004077109689256,0.3290085634858133,1949.6950749999814,1945.2563741489867,1945.6015787049837,,1952.651424999989,1953.2124249999906,,1952.8121499999834,1953.4122249999928
150,monkey3,TRUE,,0,5.1928447090001555,1,80955.8152,,0.8520125516241074,0.5945116545219844,1968.5626499999926,1960.3756766089937,1960.9878435349965,,1962.5424249999924,1967.7314249999908,1968.2767944229854,1962.7126249999856,1968.2808999999834
151,sun,TRUE,,0,2.379162082999983,0.5433333333217888,80970.8982,,0.8629983250195981,0.6224273105313268,1974.8456249999872,1971.192615982989,1971.843628,,1977.5424249999924,1979.9224249999825,1980.448338339993,1977.7956249999843,1980.0290499999828
152,bOval,FALSE,joystick pulled for incorrect amount of time,0,1.2600259210000786,0,80982.1318,,0.5594517792698783,0.9397199296110277,1991.2630749999953,1982.6196106219868,1983.5736974819883,1990.2291499999847,1988.9114249999839,1990.1714249999932,,1989.0292249999911,1990.1458999999886
153,sun,TRUE,,0,2.206071004000023,0.3566666666680248,80997.48215,,0.9272445470070887,0.31979744665208115,1995.6630499999883,1997.3378767599934,1997.6633214139874,,2004.181424999988,2006.401424999989,2006.8737809419836,2004.3795749999845,2006.4463499999838
154,sun,TRUE,,0,2.3402076309998847,0.5071666666689756,81007.23235,,0.6607283666996702,0.6465283885215503,2016.9798999999912,2009.015991423992,2009.7053624909895,2016.6464499999856,2013.9624249999906,2016.3114249999926,2016.8461347889825,2014.129774999994,2016.4463999999862
155,bOval,TRUE,,0,1.1210611490000701,0.36857142857209374,81021.71615,,0.856514859,0.915389431,2024.6636499999877,2019.2382566059823,2020.1650133409858,,2028.3914249999943,2029.5314249999938,2030.049005280991,2028.6135749999812,2029.4300249999942
156,bOval,TRUE,,0,0.9213204749999022,0.6314285714412107,81026.66618,,0.8536811489785241,0.3910446123904879,2034.6468999999925,2032.3211935589934,2032.7340688409895,,2033.3914249999943,2034.3014249999833,2034.8851870829967,2033.563599999994,2034.296749999994
157,sun,FALSE,joystick not pulled within MaxTimeAfterSound,0,0,0,,,0.568674575,0.9941602282391835,2047.8804749999836,2037.171092004981,2038.1863382249867,,2033.3914249999943,2034.3014249999833,,,
158,sun,TRUE,,0,2.6179185060000236,0.7545,81058.51705,,0.7086465122836153,0.312571616,2068.5143749999843,2055.1462150099833,2055.4708286019886,,2065.2714249999844,2067.9104249999946,2068.471594090981,2065.414474999983,2068.1143999999913
159,monkey3,TRUE,,0,4.273971235999852,0.6319999999832362,81068.7502,,0.9335413568152648,0.605896323,2080.4647499999846,2071.2072749929794,2071.8520078809815,,2075.421424999993,2079.6914249999827,2080.225179,2075.6476249999832,2080.1830999999947
160,monkey3,TRUE,,0,4.659493870000006,1,81083.4505,,0.8728385709621589,0.628607458,2087.281299999988,2082.8105782049824,2083.4657534009893,,2090.2414249999856,2094.8914249999943,2095.4306289639935,2090.3479249999946,2095.2669999999925
161,bOval,TRUE,,0,1.0442455970000992,0.5068571428568767,81095.98405,,0.5887055327333653,0.5496742325847269,2104.03165,2098.022166660987,2098.5994531939796,,2102.651424999989,2103.6704249999893,2104.1692145499837,2102.8814749999874,2103.631574999992
162,sun,TRUE,,0,2.119590894999874,0.22833333333401243,81106.98428,,0.9481710990944421,0.5747302194725961,2111.5984499999904,2106.6765137119946,2107.269194431996,,2114.0614249999926,2116.171424999993,2116.6975189249933,2113.8816999999835,2116.1153499999928
163,monkey3,TRUE,,0,4.519845430999794,1,81116.83455,,0.6012245565121195,0.5777268018117869,2128.765824999995,2118.573620952986,2119.187819776984,,2123.580424999993,2128.1004249999824,2128.6428970699926,2123.731974999988,2128.465849999993
164,sun,FALSE,joystick pulled for incorrect amount of time,0,2.010679224999876,0,81128.43485,,0.6835410406937912,0.41477786734512706,2139.116024999981,2131.4050256699848,2131.8510995479883,2137.982224999985,2135.171424999993,2137.161424999984,,2135.3322749999934,2137.282224999988
165,sun,TRUE,,0,2.7249796009996317,0.6588333333274934,81141.31873,,0.8510659550253563,0.3262033507141795,2151.41615,2144.2747187889763,2144.616345925984,,2147.9904249999818,2150.711424999987,2151.2887895469757,2148.216149999993,2150.9011499999906
166,monkey3,TRUE,,0,4.976165184,1,81150.5188,,0.5849840101347149,0.8853049688128956,2162.8828499999945,2153.6084529749933,2154.530608502988,,2157.250424999991,2162.230424999987,2162.784896813988,2157.4162249999936,2162.5682749999833
167,sun,TRUE,,0,2.6524294109999573,0.7521666666628639,81162.28538,,0.9961732760991626,0.7177091704114817,2166.2993499999866,2165.7801146809798,2166.5053437429888,,2168.960424999983,2171.601424999986,2172.119096672992,2169.182799999995,2171.7664499999955
168,monkey3,TRUE,,0,4.045190700000148,0.29599999999627474,81174.01918,,0.9719629371149581,0.8393900125225802,2185.116999999984,2174.9343088039896,2175.7749286879844,,2180.6504249999853,2184.710424999983,2185.2281645289913,2180.9165999999823,2184.816949999993
169,sun,TRUE,,0,3.0018018229998233,0.34616666666503704,81182.15258,,0.8369295659091283,0.46338446935862176,2192.550174999982,2187.3918968949874,2187.8766632189945,,2188.881424999985,2191.8704249999864,2192.3905010519957,2189.0499999999884,2191.916899999982
170,monkey3,FALSE,joystick not pulled within MaxTimeAfterSound,0,0,0,,,0.9902922163284635,0.4474708049679968,2196.1501499999868,2194.752834545987,2195.236962534982,,2188.881424999985,2191.8704249999864,,,
171,monkey3,TRUE,,0,4.759934404999967,1,81215.12033,,0.5332576135629727,0.33619371656317787,2211.9336249999906,2212.0277517399954,2212.391803595994,,2221.7404249999818,2226.4894249999925,2227.0208857099933,2222.0177499999845,2227.0507999999827
172,sun,TRUE,,0,2.8067151000000194,0.5316666666646296,81228.2203,,0.9146172667580421,0.7277149077389196,2238.134424999982,2230.015655529991,2230.782635861993,,2234.8604249999917,2237.6904249999934,2238.220590700992,2235.117724999989,2237.7844249999907
173,sun,FALSE,joystick not pulled within MaxTimeAfterSound,0,0,0,81245.88695,,0.5463832934149835,0.9244940484153268,2247.9180249999918,2240.3280695379945,2241.2618180319987,2283.5687749999925,2234.8604249999917,2237.6904249999934,,2252.7843749999884,2254.951424999992
174,sun,FALSE,hand removed from homezone before cue,0,0,0,81584.96088,,0.5885126327986809,0.6753496581821419,2593.424924999985,2591.4361475139885,,,2252.6504249999853,2254.950424999988,,2591.8582999999926,2593.076649999988
175,bOval,TRUE,,0,0.7785570470000494,0.597142857,81595.2775,,0.7792462836179552,0.3617773000403651,2603.225149999984,2598.7537379979767,2599.1088694029895,,2602.0684249999904,2602.828424999985,2603.3712987059844,2602.174924999985,2602.791674999986
176,bOval,TRUE,,0,0.5620403140001144,0.4142857142757358,81602.94425,,0.9256051929523125,0.9290085376721549,,2605.9198736789986,2606.8903961909964,,2608.478424999994,2609.078424999985,2609.603751179995,2609.8416749999888,
177,bOval,TRUE,,0,0.8595678250003402,0.688571429,81603.27745,,0.6362762933596974,0.5086046511117446,2624.0420749999903,2629.3389777749835,2629.865953807981,2634.294274999993,2633.437424999982,2634.277424999993,2634.7422207149793,2610.1748749999824,2633.325624999983
178,sun,TRUE,,0,2.400821312000062,0.5678333333310244,81631.77823,,0.5714158494086592,0.5410054445454662,2641.3093249999947,2637.0969729019853,2637.6814587459958,,2638.5374249999877,2640.9384249999857,2641.5087023729866,2638.67565,2640.927724999987
179,sun,FALSE,joystick pulled for incorrect amount of time,0,0.7886626540002908,0,81643.02843,,0.8843724160116764,0.5461517190135574,2642.1592249999812,2643.7906323779753,2644.356355025986,2650.6927749999886,2649.8574249999947,2650.657424999983,,2649.925849999985,2650.559749999986
180,bOval,TRUE,,0,0.5587089369996647,0.35714285714618327,81653.3453,,0.9143419691218644,0.6658660662337921,2659.7762499999953,2657.829814792989,2658.533114067992,,2660.098424999989,2660.648424999992,2661.1751416559855,2660.242724999989,2660.8619999999937
181,sun,TRUE,,0,2.1807513949997883,0.2983333333312961,81655.8452,,0.7493413370710245,0.330864973,2665.2428749999817,2666.0157051599817,2666.345185384984,2667.142999999982,2667.2174249999953,2669.3874249999935,2669.9012052709877,2662.7426249999844,2665.0099999999948
182,sun,TRUE,,0,2.440018952999708,0.6016666666754948,81671.6457,,0.6201702672173552,0.7878293013100848,2681.226549999992,2671.9081642519886,2672.7143804279913,,2678.377424999984,2680.807424999992,2681.3672942219855,2678.543124999982,2680.8285999999935
183,monkey3,FALSE,joystick pulled for incorrect amount of time,0,0.6067557549999947,0,81679.82923,,0.9111635059013992,0.7212235163757629,2687.4268249999877,2683.937767888987,2684.666195187994,,2686.5874249999906,2687.177424999987,,2686.7266499999823,2687.1101749999943
184,sun,TRUE,,0,2.7594993440002327,0.6483333333380872,81693.8461,,0.5988149064559558,0.4651272961395734,2693.2104999999865,2693.8842664459953,2694.3816783209913,,2700.5674249999865,2703.2974249999825,2703.6979342459963,2700.7435249999835,2703.3105999999825
185,sun,TRUE,,0,2.316486570000052,0.4616666666639503,81705.0133,,0.6286745147524745,0.967634121,2714.394049999988,2706.1847678789927,2707.178582378998,,2711.7674249999836,2714.0774249999813,2714.6000779029855,2711.9107249999943,2714.060899999982
186,bOval,FALSE,joystick pulled for incorrect amount of time,0,1.3172429359997295,0,81716.29665,,0.9473429630695079,0.6963615360288675,2715.677199999991,2716.966001194989,2717.6985259319918,,2722.957424999986,2724.2674249999836,,2723.194074999992,2724.2939999999944
187,bOval,TRUE,,0,0.7611318189997291,0.597142857,81723.09653,,0.6153418012309864,0.8716497956749951,2732.4442999999883,2732.9317395159887,2733.842387037992,2744.6613999999827,2743.8574249999947,2744.6174249999895,2745.037393078994,2729.993949999989,2732.146299999993
188,bOval,TRUE,,0,0.6116654379998181,0.4371428571375353,81741.6641,,0.5649438933708464,0.4344309017892459,2749.5616499999887,2747.3907323009917,2747.8436377129983,,2748.3674249999895,2748.987424999985,2749.5705163559905,2748.561524999983,2749.2635249999876
189,monkey3,FALSE,joystick pulled for incorrect amount of time,0,3.269253992999893,0,81746.5806,,0.9114783628985301,0.8524787361912141,2757.2780499999935,2751.917754595983,2752.7745566789963,,2753.296424999993,2756.576424999992,,2753.4780249999894,2756.994824999987
190,sun,FALSE,joystick pulled for incorrect amount of time,0,1.792117194000184,0,81762.79758,,0.9887614143947483,0.9618256471211575,2768.1781499999925,2763.8232614989975,2764.8051853909856,2775.6950999999826,2769.5664249999827,2771.3664249999856,,2769.6949999999924,2771.6303999999946
191,bOval,FALSE,hand removed from homezone before cue,0,0,0,81770.3808,,0.8828306199355207,0.4677278312610038,2799.012549999985,2799.8819997629907,,2802.0310749999917,2769.5664249999827,2771.3664249999856,,2777.2782249999873,2800.312574999989
192,sun,FALSE,joystick pulled for incorrect amount of time,0,1.1185984670000835,0,81803.7318,,0.9481533956480067,0.8102149763499593,2811.2457499999873,2807.5143762459775,2808.340841552985,2814.8128499999875,2814.8864249999897,2816.026424999989,,2810.6292249999824,2810.964774999986
193,monkey3,FALSE,joystick pulled for incorrect amount of time,0,1.3126833540000007,0,81818.6485,,0.628606812,0.39684784899228176,2822.4962249999953,2823.1503656970017,2823.5619084279897,,2825.0964249999815,2826.3964249999844,,2825.545924999984,2826.1462499999907
194,sun,FALSE,joystick pulled for incorrect amount of time,0,1.4400280760000896,0,81829.3989,,0.600836826,0.9954012933830303,2832.646174999987,2833.244293,2834.2471412559826,2840.413549999983,2836.1174249999895,2837.5664249999827,,2836.2963249999884,2837.898424999992
195,monkey3,FALSE,joystick pulled for incorrect amount of time,0,2.214546702000007,0,81840.44905,,0.6763169922147294,0.512761261,2850.329974999986,2844.516108339987,2845.090268,,2847.2164249999914,2849.4164249999885,,2847.346474999984,2849.8656249999913
196,sun,FALSE,joystick pulled for incorrect amount of time,0,1.4085682969998743,0,81852.9492,,0.6985663119654415,0.7259813743985188,2861.8138999999937,2856.4197772549815,2857.1836537179915,,2859.7164249999914,2861.1364249999897,,2859.846624999991,2861.5470499999938
197,sun,FALSE,joystick pulled for incorrect amount of time,0,1.8449556639998264,0,81866.76625,,0.9415841137218455,0.8808072119494057,2875.680524999989,2868.3783587329963,2869.280581874991,,2873.2454249999864,2875.085424999983,,2873.663674999989,2875.3323749999836
198,monkey3,TRUE,,0,9.991880960999879,1,81878.99978,,0.7291515829599975,0.5319200516692568,2896.3145499999955,2882.148683043997,2882.7028041739977,,2885.7364249999955,2895.7164249999914,2896.2707805259997,2885.897199999992,2895.949499999988
199,monkey3,FALSE,joystick not pulled within MaxTimeAfterSound,0,0,0,,,0.8035932442803329,0.8405410410746867,,2899.1381082749867,2900.0228890829894,,2885.7364249999955,2895.7164249999914,,,
200,bOval,TRUE,,0,0.7012323100002504,0.5285714285847332,,,0.7668688244332194,0.7055830858740666,2931.181749999989,2932.4015599079867,2933.132522,,2935.956424999982,2936.6564249999938,2937.098412247986,,
201,sun,TRUE,,0,2.3522194070001206,0.508333333,81936.05093,,0.8688807976718766,0.5060261114230766,2945.5986999999877,2939.6693199199945,2940.188161233993,,2942.7854249999946,2945.135424999986,2945.6793628049927,2942.9483499999915,2945.3318249999866
202,sun,FALSE,joystick pulled for incorrect amount of time,0,0.8085702359999232,0,81947.53458,,0.7172918306299374,0.5699493672858362,,,,,,,,,
,,,,,,,,,,,,,,,,,,,
count,202,percent_correct,0.6881188118811881,time_in_game,49:10.3,,,,,,,,,,,,,,
min,0.5500000000029104,max,9.979999999995925,mean,2.5989836065576233,stdev,1.785689793324091,,,,,,,,,,,,
,,,,,,,,,,,,,,,,,,,
discrim,correct,pulls,count,min,max,mean,stdev,,,,,,,,,,,,
bOval,50,61,68,0.5500000000029104,4.059999999997672,1.0432950819682207,0.4970473917524002,,,,,,,,,,,,
monkey3,47,56,62,0.5610000000015134,9.979999999995925,4.652750000000067,1.5548245106534713,,,,,,,,,,,,
sun,42,66,72,0.6300000000046566,4.739999999990687,2.2942272727269675,0.8082442024360726,,,,,,,,,,,,
,,,,,,,,,,,,,,,,,,,
error,count,percent,,,,,,,,,,,,,,,,,
joystick not pulled within MaxTimeAfterSound,11,0.054455445544554455,,,,,,,,,,,,,,,,,
joystick pulled before cue,1,0.004950495,,,,,,,,,,,,,,,,,
joystick pulled for incorrect amount of time,44,0.21782178217821782,,,,,,,,,,,,,,,,,
hand removed from homezone before cue,7,0.034653465346534656,,,,,,,,,,,,,,,,,
